-- phpMyAdmin SQL Dump
-- version 5.0.2
-- https://www.phpmyadmin.net/
--
-- Host: 127.0.0.1:3306
-- Generation Time: May 18, 2021 at 12:56 PM
-- Server version: 5.7.31
-- PHP Version: 7.3.21

SET SQL_MODE = "NO_AUTO_VALUE_ON_ZERO";
START TRANSACTION;
SET time_zone = "+00:00";


/*!40101 SET @OLD_CHARACTER_SET_CLIENT=@@CHARACTER_SET_CLIENT */;
/*!40101 SET @OLD_CHARACTER_SET_RESULTS=@@CHARACTER_SET_RESULTS */;
/*!40101 SET @OLD_COLLATION_CONNECTION=@@COLLATION_CONNECTION */;
/*!40101 SET NAMES utf8mb4 */;

--
-- Database: `karagkounis`
--
CREATE DATABASE IF NOT EXISTS `karagkounis` DEFAULT CHARACTER SET utf8 COLLATE utf8_general_ci;
USE `karagkounis`;

-- --------------------------------------------------------

--
-- Table structure for table `εγγραφές`
--

DROP TABLE IF EXISTS `εγγραφές`;
CREATE TABLE IF NOT EXISTS `εγγραφές` (
  `id_Εγγραφής` int(10) NOT NULL AUTO_INCREMENT,
  `id_Χρήστη` int(10) NOT NULL,
  `id_Μαθήματος` int(10) NOT NULL,
  `Κατάσταση` varchar(30) DEFAULT NULL,
  `Βαθμός` int(10) DEFAULT NULL,
  PRIMARY KEY (`id_Εγγραφής`),
  KEY `id_Χρήστη` (`id_Χρήστη`),
  KEY `id_Μαθήματος` (`id_Μαθήματος`)
) ENGINE=InnoDB AUTO_INCREMENT=48 DEFAULT CHARSET=utf8;

--
-- Dumping data for table `εγγραφές`
--

INSERT INTO `εγγραφές` (`id_Εγγραφής`, `id_Χρήστη`, `id_Μαθήματος`, `Κατάσταση`, `Βαθμός`) VALUES
(20, 19, 2, 'Μη εγγεγραμμένος/η', 10),
(21, 19, 6, 'Μη εγγεγραμμένος/η', 6),
(22, 19, 7, 'Εγγεγραμμένος/η', NULL),
(23, 19, 8, 'Εγγεγραμμένος/η', NULL),
(24, 19, 9, 'Μη εγγεγραμμένος/η', 3),
(25, 19, 10, 'Μη εγγεγραμμένος/η', NULL),
(26, 13, 2, 'Μη εγγεγραμμένος/η', 4),
(27, 13, 6, 'Μη εγγεγραμμένος/η', 10),
(28, 13, 7, 'Εγγεγραμμένος/η', NULL),
(29, 13, 8, 'Μη εγγεγραμμένος/η', NULL),
(30, 13, 10, 'Μη εγγεγραμμένος/η', NULL),
(31, 19, 11, 'Εγγεγραμμένος/η', NULL),
(32, 19, 14, 'Μη εγγεγραμμένος/η', NULL),
(33, 22, 2, 'Μη εγγεγραμμένος/η', 10),
(34, 22, 6, 'Μη εγγεγραμμένος/η', 6),
(35, 22, 8, 'Εγγεγραμμένος/η', NULL),
(36, 22, 7, 'Εγγεγραμμένος/η', NULL),
(37, 21, 2, 'Μη εγγεγραμμένος/η', 1),
(38, 21, 6, 'Μη εγγεγραμμένος/η', 5),
(39, 21, 8, 'Μη εγγεγραμμένος/η', NULL),
(40, 21, 7, 'Εγγεγραμμένος/η', NULL),
(41, 21, 10, 'Μη εγγεγραμμένος/η', 6),
(42, 20, 2, 'Μη εγγεγραμμένος/η', 4),
(43, 20, 6, 'Μη εγγεγραμμένος/η', 9),
(44, 20, 7, 'Εγγεγραμμένος/η', NULL),
(45, 18, 2, 'Μη εγγεγραμμένος/η', 7),
(46, 18, 6, 'Μη εγγεγραμμένος/η', 3),
(47, 18, 7, 'Εγγεγραμμένος/η', NULL);

-- --------------------------------------------------------

--
-- Table structure for table `εξάμηνο`
--

DROP TABLE IF EXISTS `εξάμηνο`;
CREATE TABLE IF NOT EXISTS `εξάμηνο` (
  `id_Εξαμήνου` int(10) NOT NULL AUTO_INCREMENT,
  `id_Χρήστη` int(10) NOT NULL,
  `Εξάμηνο` int(10) NOT NULL,
  PRIMARY KEY (`id_Εξαμήνου`),
  UNIQUE KEY `id_Χρήστη` (`id_Χρήστη`)
) ENGINE=InnoDB AUTO_INCREMENT=7 DEFAULT CHARSET=utf8;

--
-- Dumping data for table `εξάμηνο`
--

INSERT INTO `εξάμηνο` (`id_Εξαμήνου`, `id_Χρήστη`, `Εξάμηνο`) VALUES
(1, 13, 2),
(2, 18, 1),
(3, 19, 3),
(4, 20, 1),
(5, 21, 2),
(6, 22, 2);

-- --------------------------------------------------------

--
-- Table structure for table `μαθήματα`
--

DROP TABLE IF EXISTS `μαθήματα`;
CREATE TABLE IF NOT EXISTS `μαθήματα` (
  `id_Μαθήματος` int(10) NOT NULL AUTO_INCREMENT,
  `id_Χρήστη` int(10) NOT NULL,
  `Τίτλος` varchar(50) NOT NULL,
  `Τύπος` varchar(50) NOT NULL,
  `Περιγραφή` text NOT NULL,
  `Διδακτικές_Μονάδες` int(10) NOT NULL,
  `Εξάμηνο` int(10) NOT NULL,
  PRIMARY KEY (`id_Μαθήματος`),
  UNIQUE KEY `Τίτλος` (`Τίτλος`),
  KEY `id_Χρήστη` (`id_Χρήστη`)
) ENGINE=InnoDB AUTO_INCREMENT=15 DEFAULT CHARSET=utf8;

--
-- Dumping data for table `μαθήματα`
--

INSERT INTO `μαθήματα` (`id_Μαθήματος`, `id_Χρήστη`, `Τίτλος`, `Τύπος`, `Περιγραφή`, `Διδακτικές_Μονάδες`, `Εξάμηνο`) VALUES
(2, 7, 'Σημασιολογικός Ιστός', 'Υποχρεωτικό', '', 5, 1),
(6, 4, 'Μηχανική Μάθηση', 'Υποχρεωτικό', '', 5, 1),
(7, 16, 'Προχωρημένη υπολογιστική όραση', 'Υποχρεωτικό', '', 5, 1),
(8, 17, 'Προγραμματισμός Ευφυών Συστημάτων', 'Υποχρεωτικό', '', 5, 2),
(9, 4, 'Ανάλυση Βιοσημάτων-Νευροπληροφορική', 'Υποχρεωτικό', '', 5, 2),
(10, 7, 'Παιχνίδια και Τεχνητή Νοημοσύνη', 'Υποχρεωτικό', '', 5, 2),
(11, 17, 'Συστήματα Ευφυών Πρακτόρων', 'Υποχρεωτικό', '', 5, 3),
(12, 4, 'Υπολογιστική Νοημοσύνη- Στατιστική Μάθηση', 'Υποχρεωτικό', '', 5, 3),
(13, 16, 'Προχωρημένα Θέματα Μηχανικής Μάθησης', 'Επιλογής', '', 5, 3),
(14, 7, 'Φιλοσοφία και Ηθική της Τεχνητής Νοημοσύνης', 'Επιλογής', '', 5, 3);

-- --------------------------------------------------------

--
-- Table structure for table `χρήστης`
--

DROP TABLE IF EXISTS `χρήστης`;
CREATE TABLE IF NOT EXISTS `χρήστης` (
  `id_Χρήστη` int(10) NOT NULL AUTO_INCREMENT,
  `Όνομα` varchar(50) NOT NULL,
  `Επώνυμο` varchar(50) NOT NULL,
  `Κινητό` varchar(20) NOT NULL,
  `Email` varchar(50) NOT NULL,
  `Password` blob NOT NULL,
  `Ρόλος` varchar(12) NOT NULL,
  `Διεύθυνση` varchar(50) NOT NULL,
  `Ημερομηνία_Γέννησης` date DEFAULT NULL,
  `Ημερομηνία_Πρώτης_Εγγραφής` date DEFAULT NULL,
  `Αριθμός_Μητρώου` varchar(20) NOT NULL,
  PRIMARY KEY (`id_Χρήστη`),
  UNIQUE KEY `Email` (`Email`)
) ENGINE=InnoDB AUTO_INCREMENT=23 DEFAULT CHARSET=utf8;

--
-- Dumping data for table `χρήστης`
--

INSERT INTO `χρήστης` (`id_Χρήστη`, `Όνομα`, `Επώνυμο`, `Κινητό`, `Email`, `Password`, `Ρόλος`, `Διεύθυνση`, `Ημερομηνία_Γέννησης`, `Ημερομηνία_Πρώτης_Εγγραφής`, `Αριθμός_Μητρώου`) VALUES
(3, 'Λεωνίδας', 'Καραγκούνης', '6949832789', 'std114163@eap.gr', 0xbf3c8aecd56d5a3a2d84b08bc57c9c73, 'Γραμματεία', '', '1986-07-15', NULL, '114163'),
(4, 'Isabelle', 'Rutledge', '6985648254', 'RutledgeI@auth.gr', 0xbf3c8aecd56d5a3a2d84b08bc57c9c73, 'Καθηγητής', '15 Scrimshire Lane', NULL, NULL, ''),
(7, 'John', 'Smith', '', 'SmithJ@auth.gr', 0xbf3c8aecd56d5a3a2d84b08bc57c9c73, 'Καθηγητής', '', NULL, NULL, ''),
(13, 'Emily', 'Dunn', '697123568', 'DunE@auth.gr', 0xbf3c8aecd56d5a3a2d84b08bc57c9c73, 'Φοιτητής', '24 Pendwyallt Road', NULL, NULL, '148794'),
(14, 'Sally', 'Davison', '', 'DavisonS@auth.gr', 0xbf3c8aecd56d5a3a2d84b08bc57c9c73, 'Γραμματεία', '', '1980-04-29', NULL, ''),
(16, 'Gerry', 'Lawson', '6936854891', 'LawsonG@auth.gr', 0xbf3c8aecd56d5a3a2d84b08bc57c9c73, 'Καθηγητής', '45 Main Road', NULL, NULL, '56987'),
(17, 'Harrison', 'Mills', '', 'MillsH@auth.gr', 0xbf3c8aecd56d5a3a2d84b08bc57c9c73, 'Καθηγητής', '45 Hull Road', NULL, NULL, '45976'),
(18, 'Jade', 'Baxter', '', 'BaxterJ@auth.gr', 0xbf3c8aecd56d5a3a2d84b08bc57c9c73, 'Φοιτητής', '', NULL, NULL, '156789'),
(19, 'Philbert', 'Heath', '', 'HeathP@auth.gr', 0xbf3c8aecd56d5a3a2d84b08bc57c9c73, 'Φοιτητής', '85 Roman Rd', NULL, NULL, ''),
(20, 'Jim', 'Newman', '698453567', 'NewmanJ@auth.gr', 0xbf3c8aecd56d5a3a2d84b08bc57c9c73, 'Φοιτητής', '', NULL, NULL, '156723'),
(21, 'Matilda', 'Hodges', '', 'HodgesM@auth.gr', 0xbf3c8aecd56d5a3a2d84b08bc57c9c73, 'Φοιτητής', '63 Coast Rd', NULL, NULL, '146324'),
(22, 'Alice', 'Kain', '', 'KainA@auth.gr', 0xbf3c8aecd56d5a3a2d84b08bc57c9c73, 'Φοιτητής', '', NULL, NULL, '145123');

--
-- Constraints for dumped tables
--

--
-- Constraints for table `εγγραφές`
--
ALTER TABLE `εγγραφές`
  ADD CONSTRAINT `εγγραφές_ibfk_1` FOREIGN KEY (`id_Χρήστη`) REFERENCES `χρήστης` (`id_Χρήστη`),
  ADD CONSTRAINT `εγγραφές_ibfk_2` FOREIGN KEY (`id_Μαθήματος`) REFERENCES `μαθήματα` (`id_Μαθήματος`);

--
-- Constraints for table `εξάμηνο`
--
ALTER TABLE `εξάμηνο`
  ADD CONSTRAINT `εξάμηνο_ibfk_1` FOREIGN KEY (`id_Χρήστη`) REFERENCES `χρήστης` (`id_Χρήστη`);

--
-- Constraints for table `μαθήματα`
--
ALTER TABLE `μαθήματα`
  ADD CONSTRAINT `μαθήματα_ibfk_1` FOREIGN KEY (`id_Χρήστη`) REFERENCES `χρήστης` (`id_Χρήστη`);
COMMIT;

/*!40101 SET CHARACTER_SET_CLIENT=@OLD_CHARACTER_SET_CLIENT */;
/*!40101 SET CHARACTER_SET_RESULTS=@OLD_CHARACTER_SET_RESULTS */;
/*!40101 SET COLLATION_CONNECTION=@OLD_COLLATION_CONNECTION */;
